0.014210134994623987,0.09898521133702026
-0.022439291694200388,0.09929981183331771
0.0030838519597814126,0.10356130908209618
-0.04869389051318141,0.09348981947893084
-0.0014791326840717148,0.10720422529820844
0.000609675013520122,0.10901633127841555
0.023080443742436035,0.1083915575005208
-0.0006378041911033994,0.1126234445230089
-0.00996745484938897,0.11399391791619286
0.028876014094812892,0.11258846172529066
0.012935264375415362,0.11732516039959123
0.04494966545169988,0.11109039708534878
0.04411670225407841,0.11336139444511781
0.0014920944109963004,0.12343787603515194
0.02050891205423102,0.12355999566042736
0.059660261988658855,0.1121757529688017
-0.019443160206454323,0.12738239418085645
0.05487137447507449,0.11858125272838398
0.003282882206632085,0.13242424372884964
0.01734033097554609,0.1331441060268552
0.04079642834795972,0.12981247969799034
0.020639804027305014,0.1363221234511593
-0.032222197413678884,0.13591193194693302
0.036412515236786444,0.13671707421901522
0.04578456512866176,0.1357748711654229
0.03248635721916193,0.1414064957197359
-0.013513781730406703,0.14627085332189838
0.004444713075232334,0.14863095149694366
0.05292607492862783,0.14088783551769007
0.024203816871273546,0.15036910998620237
-0.00880912228973116,0.15385623723659547
0.04146849043510759,0.15029591163454342
0.07111820334849724,0.14077058742642537
0.015677020805316917,0.158746825251438
0.0009849207407875483,0.16131963865160692
0.06646125602706111,0.14897340602816908
0.03392652502355263,0.1614027556360177
0.06196074041769438,0.15479313822866397
0.013633521724318315,0.1679847387349844
0.08045118644291321,0.15014511089957336
0.054345769446839116,0.16334072802876073
-0.004408643105748006,0.17389201912763455
0.015001211584009197,0.17511012095217124
0.053941562333359526,0.16916301315130683
0.06702091825953085,0.1663663007809296
0.06901149218042926,0.16750284122774878
0.006813265271488409,0.18283903204486313
0.10774784835319774,0.1501005787677404
0.06523032726735532,0.17479857929087442
0.10151684496031908,0.158682486277298
0.047316633227231786,0.18420017867574875
0.07842900975993762,0.17523337117249513
0.07357103153744707,0.17927891008467609
0.13776210316336232,0.13884348580628467
0.06554893484194022,0.18619355545798913
0.11518345047822534,0.1625200726712415
0.06420588981650988,0.19047154466772376
0.11484521758620693,0.16715469464207774
0.08031448402394192,0.188187448904852
0.07002342695827593,0.19417253737430032
0.08652303686800993,0.18938808570358023
0.0694360222064152,0.1982096265457921
0.13669502713381657,0.16181386562982691
0.10434275054189991,0.18641135769692688
0.08896026554815284,0.19620531933795532
0.06926258778285364,0.20589683928691913
0.11879824074186272,0.18402352241260145
0.1363654567023708,0.17371099945198176
0.11716310805788295,0.1893244081680623
0.19294836199347976,0.11466576352900124
0.09828235049329695,0.2037910096270733
0.057841972238503216,0.22059894961329862
0.13036003164739873,0.18931918225422587
0.19820912836364937,0.11992096709666338
0.13584568033958483,0.1898756444167522
0.17411217766463993,0.1582314036149943
0.19097149807713962,0.14047789403578104
0.14944785183460987,0.18635429069383974
0.09636710012470727,0.22054682128050432
0.15262702546690507,0.1884249233617175
0.16888307977532807,0.17650896377713166
0.08278615759272674,0.23174946670577018
0.13527923690301077,0.2077302374416968
0.13859122640695207,0.20770715375955984
0.1777493499479056,0.17792956647556132
0.11502228598606169,0.22568587468159465
0.19298526859987133,0.16684696783828828
0.21102592406107507,0.14653591441920313
0.14479861189388238,0.21440166300470417
0.15056554564141278,0.21260580856205383
0.16156782106620224,0.2066641256375951
0.19955968481599146,0.17303082986783902
0.21352305369770977,0.15851707064276266
0.14422392508223597,0.22556981587602953
0.20480649757773664,0.17523017206889732
0.07801239013876277,0.25988635956710515
0.19128460389943056,0.19498486470508788
0.17813166167082034,0.20944344943254264
0.12185962536096603,0.24848085510044568
0.2041220921576049,0.18954745416514526
0.1800253727777833,0.21492556684628183
0.1217702055925218,0.25453629485122164
0.21157824373431833,0.18940019900084593
0.2261434756246222,0.1747126305401758
0.23947444514882676,0.15922140933641726
0.25182911555514065,0.14255582015357418
0.21651520956099296,0.19470062546946001
0.161126377828998,0.2447020026963645
0.20527512961537406,0.21157272305694033
0.2745001895500693,0.11232615073843762
0.27418406480320023,0.11774440551933345
0.232691639045782,0.18967045568467092
0.2461053821538186,0.17503874351888635
0.22012858131136087,0.20938594690634657
0.2043622826688608,0.22723176870022502
0.22417110982007943,0.21035967060371097
0.264425718460985,0.16029685311644665
0.23073228333102055,0.20856012403535143
0.312825387872573,-0.0004059744737986903
0.2661667050893908,0.16777024592232062
0.25066808654981376,0.19311983041749264
0.29529779422239455,0.1186324805457159
0.2791440223498076,0.15653839048423412
0.27334572778117083,0.1698984173168118
0.23596982779881975,0.22150803972652952
0.2982158401039879,0.13032882335022425
0.26288563824095457,0.19490165437800114
0.2610994234451114,0.20026566089843967
0.30392714431153417,0.1307584452067426
0.30681541932009637,0.1285710725297124
0.32693642013339136,0.07058362128777414
0.2090720170446255,0.26337827600301283
0.2503563549173494,0.22719414673267324
0.3070491820979061,0.1457362367557433
0.31464152133171414,0.13322250619314038
0.3135047200435851,0.14034989056738084
0.3412628048683069,0.05258596250742047
0.30098474373446493,0.17286572721050222
0.31571066472551274,0.14851413382894368
0.3034750061496471,0.17576801350727958
0.3505637496575267,0.03694373445231999
0.2772471926910467,0.2206095881677291
0.3381721009630671,0.11160441985946308
0.3289004725363171,0.14116735359366234
0.31476498228168975,0.17412949387089716
0.3579743738230611,0.05052979855252674
0.34767023262962443,0.10550671232792153
0.36420980444267703,0.025909949748910407
0.3472575524277232,0.11854389724156694
0.34692188481982256,0.12495011510794925
0.2735629328662155,0.24992802030413927
0.3608637789250866,0.09174911862502926
0.36418213551129963,0.08578065060380662
0.35642313358770633,0.11959257426818107
0.34154236943333854,0.16139403951009637
0.3707799744644097,0.08116239752878504
0.38050848971367357,0.0255111273596255
0.34316969504320033,0.17044353578870544
0.27700497349199354,0.2673389221039945
0.27814059115143863,0.268759350136416
0.35479783285153127,0.15846356885555693
0.3716595247404686,0.11944177090533455
0.38104280513307065,0.09281680741294923
0.356743941694831,0.16721329270938054
0.34568176178129234,0.1927565741475343
0.39686823015434863,-0.024032130743422673
0.3979529818467328,-0.033953258455969304
0.4011354268258513,-0.007330686888940276
0.3870963760948266,0.11211708764403285
0.38489673110258876,0.12540069463341158
0.37234529363143437,0.163380838034829
0.4062640871516631,0.04187841345702114
0.40891007021444864,0.03276224342811654
0.41016754238236836,0.039069212758661216
0.40908004174474094,-0.06250478178513501
0.3811849111661656,0.16567259848088806
0.37018775338389515,0.1929064481011462
0.4051637638371222,0.10771826693726994
0.42099881289761365,0.006036238863465419
0.41534103221121543,0.07931144736222558
0.4236475840618779,0.029150494294663844
0.423539994835263,-0.0497589554766032
0.41186244495276897,0.11735828640006858
0.3960782032545756,0.16755227222536873
0.43150061911359083,0.017705784247991727
0.43099932822392134,-0.048030575987976165
0.4282639731618373,0.07889810211134854
0.4336622495046285,0.05608996918894105
0.43435859568291124,-0.06420465487223982
0.4224775253917102,-0.1260534408480075
0.43001772466678445,-0.10514320682253211
0.4263499930720803,0.1256826755433226
0.4324566970478647,-0.11026457616332233
0.41167888193732505,0.17694828565590096
0.4237170856223367,-0.15124040806316388
0.42445357541494333,-0.15451579221719805
0.4527635798431747,-0.02595674363699475
0.44036031414093585,0.1157175680089845
0.4563055431663811,-0.02717846819439051
0.4542147932127695,0.06553244634492597
0.4600110214418278,-0.025575536881823166
0.4454701836760748,0.12444170292067303
0.4615146150941596,0.05104274736038509
0.4591842030790308,-0.0801820159241659
0.3989741109005666,-0.24450693015830746
0.4539378276867763,0.12081236148120265
0.4657245771873908,-0.07384781865813939
0.47087138986675714,-0.048344868860517316
0.4750351119629711,-0.010461862345709616
0.4533593358130553,-0.14815648082938201
0.47732679375668924,-0.03698499911744337
0.4686448572473715,-0.10635313812235857
0.4715838575148032,-0.10141201880168238
0.483668754250147,-0.02198896084734521
0.46176159458188343,-0.15147593873371298
0.4877702781523934,-0.0022680397254019654
0.4895431929799,0.005934177707768406
0.4909759257057147,0.019991564180206235
0.44839010661214346,-0.20537553543254627
0.49489005039792083,-0.009945766831435896
0.4695668338484444,-0.16220621691878728
0.4975121886074398,-0.032875286149259574
0.4985911089150313,-0.04251903521966338
0.4873710116944665,-0.12115595402530897
0.5009014430852973,-0.055873290037764235
0.5057298954580537,-0.009092362247420195
0.486922711538326,-0.14345555124866718
0.46598873635222243,-0.2058204308890744
0.4834803674392659,-0.16611779693902784
0.47033890371530335,-0.2048830051261367
0.4511596003456422,-0.24800119582394076
0.51599107063816,0.0257516428662649
0.5176888457659703,-0.02783973833521912
0.5199161597657644,-0.018366949826087622
0.48938247455487693,-0.18175484477291037
0.4543188853678704,-0.26078872361421024
0.46736301496756866,-0.2405849209135491
0.5223227536610581,-0.07340042847813225
0.43703921043657207,-0.29851516945387996
0.5261040212951879,-0.07239847089793078
0.5249336844752458,-0.0915997525693277
0.4701814969666162,-0.2545597407916492
0.5306723645107541,-0.07867695481126595
0.5106703907062783,-0.17016873884413164
0.5265978199100533,-0.11992212322148399
0.5202779581577668,-0.15148882392172372
0.48647198657805957,-0.2427776096282324
0.4469819440859183,-0.3126780341903526
0.4252339179672125,-0.34453952219471173
0.5414498496147435,-0.0913284711028366
0.5226237556827505,-0.17423319779461824
0.5419924218790498,-0.1082935167828784
0.49881640001394983,-0.24220332400785125
0.4194150670238895,-0.36547877991266553
0.5352934641370161,-0.15797036492026212
0.39515618987880674,-0.39668855852800106
0.5191760047636045,-0.2144516422598333
0.47459830314018814,-0.3038407335568074
0.5293598970793097,-0.19843602494426787
0.514561319442448,-0.23846997102932932
0.5431210411028887,-0.1694397862839389
0.48416408926941346,-0.3022101504583697
0.45477908610692624,-0.34782734672447235
0.41984148825448914,-0.39193054351421397
0.5450221225393482,-0.18682174404821628
0.5204731651989563,-0.2512781731859805
0.4442722477395907,-0.3724825765101949
0.4350200486825257,-0.3859705002468973
0.4988876016809551,-0.30237047905657954
0.47738998408188177,-0.33841266334379805
0.5620709038398739,-0.16915884418202512
0.46375455303163765,-0.3627543575809871
0.4346858480625331,-0.39979284984462915
0.3484922639876359,-0.4790332526272457
0.5649104880747235,-0.18421717491087855
0.5910759111648183,-0.07639183329856714
0.46657526428374707,-0.37372060632994875
0.4402648883347513,-0.4070454849493684
0.36325365984028235,-0.47930377967390386
0.5131948892234244,-0.316999971843764
0.5056616334292792,-0.3321798260378428
0.5660163042171762,-0.21874259206223035
0.443083727731439,-0.41724303267068485
0.5282404533115358,-0.30590133613087245
0.4202325729425954,-0.44522282114269
0.5139037507821012,-0.3360556332291503
0.4358662633380246,-0.43505084534962146
0.4444719718316528,-0.42885661201902686
0.48715520117680466,-0.3826020559816607
0.43129747124576095,-0.44712941798615513
0.48144101808630524,-0.39547563653180307
0.3919207221155627,-0.4866572658608762
0.3451694098841942,-0.5230224136396906
0.505836909824171,-0.3729438472442124
0.5214466517503944,-0.35400807019408803
0.26436853298378726,-0.5741204934477309
0.42254443981006484,-0.47248756857366997
0.6171770596789411,-0.15221870094531384
0.31645942182659864,-0.5533784835778555
0.40337026715890223,-0.49595312395246155
0.41456595888193176,-0.48900041631538516
0.44325493446595926,-0.4656470533828463
0.2592993520690201,-0.59024422157217
0.4161791982868107,-0.49472017931783163
0.4469464991448013,-0.4696033428748814
0.5191316725018915,-0.39132157769097187
0.4029657462301084,-0.5124423691972078
0.16385818739084862,-0.6328379560584699
0.4855724504582074,-0.44035678191359423
0.4793185146598681,-0.44979582405967206
0.31786382216580467,-0.5774075165854284
0.31517322398225794,-0.5809333200529542
0.26372174810449134,-0.6079933082277387
0.41728663159279367,-0.5171757304580206
0.2106956534829411,-0.6321444158497799
0.2936565517762875,-0.6001432398097204
0.536909890142114,-0.40068343160128533
0.44749101617847115,-0.5009901223891323
0.3966469292678118,-0.544368351019805
0.3640647226659088,-0.5688193453069756
0.48670727977399014,-0.4708014246939868
0.16027317174740752,-0.6597699310278561
0.4535343071030682,-0.5076838421109884
0.30395163740837955,-0.6111534661313204
0.4800388388649396,-0.4877738020991466
0.30067859901559435,-0.6167859164333594
0.432753607931679,-0.5348226109843007
0.2577871761872346,-0.6397981025063768
0.2036114509312341,-0.6609308988119657
0.4317790742768333,-0.5425422091844009
0.25733674509613036,-0.6458076068975037
0.41534526311131265,-0.5597221915250599
0.380256332349531,-0.5862791150569345
0.1793284045623264,-0.6772616688756242
0.4068800012239752,-0.5725567056460142
0.37230680754484197,-0.5977433691770642
0.13750696309085117,-0.6924917423348966
0.2796545258319597,-0.6502278939274049
0.2993352350959676,-0.6433955864370331
0.27967698497574855,-0.6541431414044634
0.21189404500390177,-0.681023411357121
0.37040970238130894,-0.6116082400175334
0.24639237993265373,-0.6731577094081254
0.22170866270015427,-0.6835823295368783
0.4538009839773516,-0.5595531530224772
0.2881910167458938,-0.6622560227932975
0.08248449986586212,-0.7193343818292682
0.2881309372435453,-0.6662141234931371
0.5376866314650587,-0.4902808760486738
0.13447114264831256,-0.7169573380647176
0.17665635626137477,-0.7096037009029071
0.28374125359208097,-0.6759266641310064
0.1730999317818096,-0.7141918143041156
0.010322788161622928,-0.7366010180369051
0.35569066137501637,-0.6471725927938926
0.1009664502250628,-0.7333628604615965
0.2868608559994398,-0.6843973715548598
0.1738608988969779,-0.7232851515475082
0.33865517253133653,-0.6643555617653399
0.1768695998766424,-0.7262684797542963
0.10613109713119405,-0.7417442807189064
0.32578808725868924,-0.676769269151688
0.2315246779354247,-0.7164240955488288
0.07433770635528063,-0.7510394212663791
0.12738115521208587,-0.7457117404757325
0.379106945648086,-0.6567511248944069
-0.018484087318282313,-0.7598954655114384
0.06767035164530073,-0.7589128231853448
0.43908668175540483,-0.6248859986333974
0.15908803917605366,-0.7488182709230581
0.08512013262541517,-0.7625988839428819
0.0686933444486086,-0.7660645618272308
0.06117756158646968,-0.7685106987579088
0.10762089400470826,-0.7652145692592266
0.18270433054616905,-0.7526921237242499
0.034046524839963836,-0.775605800226522
0.14068765128285768,-0.7653327587755797
0.2522858623588799,-0.7380307041107135
-0.03776920589462422,-0.7808506254836253
0.11901113174471352,-0.774476471189829
0.10218503873897729,-0.7786946894871041
0.10884112127723894,-0.779613407764567
0.016139261916524456,-0.7888128669967227
0.040597292909645415,-0.7897387798435681
0.18329821567962595,-0.7710985775973342
0.20133380324307953,-0.7684518394650242
0.16078672520160558,-0.7797883960177588
-0.006450875632153568,-0.7979699176197406
0.06391539099312658,-0.7972416331778666
-0.1069561241471224,-0.794435704156572
-0.10389811194885575,-0.7966603357241787
-0.06434062937458966,-0.8026357238771039
0.16367586243088378,-0.7902416424973173
-0.08375644336255789,-0.8044692817751866
-0.1187640957221213,-0.801873985321374
-0.10927569349611636,-0.8050422095890585
0.04864754124415343,-0.8127738903158561
-0.1613271279616382,-0.7999261762619548
0.04530907522312076,-0.8165796182999955
-0.09023096025197302,-0.8146575481548266
0.17055175870581188,-0.8035424769027677
0.21907951002124612,-0.7935609343349461
0.16987488578233206,-0.8073723992193014
-0.0005561649126942036,-0.8268535203687765
-0.337577160639348,-0.7567790996739073
0.032112527460271476,-0.8298398208627857
-0.2676905611648493,-0.7880393453321833
-0.021131469614394403,-0.8338004059348333
-0.11298614249745753,-0.8282002796205141
-0.30569075565181203,-0.779905862961513
-0.05217837576204741,-0.8378557977875937
-0.2194950106519118,-0.8121442573158221
-0.015682602227689642,-0.8429403003690045
-0.055199385229032547,-0.8430846739644793
-0.25336940156586557,-0.8078945708173899
-0.21916188794694957,-0.8197043465043723
-0.2248315434427921,-0.8200377366184455
-0.36200122966720494,-0.771386214370668
-0.17757658774717913,-0.8352395543077582
-0.22840795893883903,-0.8246646854825246
-0.2868535377733597,-0.808113280825106
-0.2672586860113004,-0.8167014847047244
-0.2641779040210629,-0.8195984107968811
-0.15815730677468004,-0.8483084886123856
-0.38254404716180723,-0.7755108568559166
-0.09589773570225413,-0.861210298932708
-0.45351922442240955,-0.7404923303843857
-0.1467391073751231,-0.8576781110776587
0.004211551416934882,-0.8719337166687645
-0.2479251119616424,-0.8378352008957801
-0.29441503927957013,-0.8245662600527409
-0.21129410418849243,-0.8515316128451107
-0.2533878725097017,-0.8418514903297647
0.011148072844624095,-0.8808913847582365
-0.571864033901827,-0.672492757998868
-0.3065605278456788,-0.8297488795764069
-0.27468135030735297,-0.8427376814540515
-0.15822518823070372,-0.8739691203437595
-0.5247920646884845,-0.7187889940023546
-0.15408619340745797,-0.878370864505375
-0.6896784928283892,-0.5681915299355059
-0.38034578431248306,-0.810593446842465
-0.23344684031102664,-0.8662911427474764
-0.5720678104394097,-0.6934953619575712
-0.3706222303709362,-0.8210253897987054
-0.38384057700928764,-0.8169226262749912
-0.49382937421389517,-0.7576858574501313
-0.4806508290925892,-0.7682419797463419
-0.38303517989637875,-0.8232722304603944
-0.567940798408323,-0.7107847955044343
-0.04346656096708742,-0.9105864053587149
-0.4326746027972512,-0.8044509339717792
-0.4580391308167024,-0.7923679393059074
-0.6240332003359876,-0.6719628315621234
-0.6140760079603129,-0.6835007901176169
-0.46177329331982325,-0.7964582831132667
-0.4751857689250135,-0.7906345930273773
-0.42974773814051903,-0.818261673157648
-0.5411340847335812,-0.7514961091372235
-0.5036999113985758,-0.7792320710013558
-0.39997335845366455,-0.839218542011804
-0.4211807164509716,-0.830800810258429
-0.705041851522541,-0.6114755999571408
-0.7123164018695847,-0.6057734814861713
-0.2962402993733808,-0.8888048738460405
-0.4200882454406456,-0.8394289977638799
-0.6558321608989028,-0.6740835381997409
-0.5507416823479746,-0.7645808057757074
-0.41850663374474945,-0.8462592287476781
-0.21231621381655014,-0.9217554402174252
-0.3737339051232269,-0.870890074504218
-0.5877282909560734,-0.7457370871863931
-0.5653508297856125,-0.7650850187664462
-0.620092958749148,-0.7238067246665854
-0.6874175081502514,-0.6628045964928266
-0.43909221020190525,-0.8499991835655903
-0.33575709609105875,-0.8977873228238836
-0.4780757172454662,-0.832862139044386
-0.5764013998226141,-0.770353487581147
-0.37587716073078187,-0.8876222569637309
-0.5869817013241446,-0.7668700938200147
-0.5796189436613458,-0.7747038092718166
-0.31614740709880434,-0.9163341576087187
-0.7157309662840069,-0.6563890011116329
-0.6047194511148449,-0.7621929504934308
-0.45682822168147313,-0.8610717517560236
-0.7216766276105336,-0.6579048672975619
-0.7088055148862388,-0.6743712633069774
-0.5746268128550107,-0.7940518119793658
-0.8471159787290236,-0.4966363601185332
-0.628948011420762,-0.7564542034967144
-0.5431728685467722,-0.8223829469163264
-0.6760966701854562,-0.7195847333791535
-0.4392102226119287,-0.8863228541245314
-0.7233662725609181,-0.6773377950119374
-0.8267466115334063,-0.5496482789806069
-0.7704622161181126,-0.6289639156888486
-0.6929085479163487,-0.7160141949449588
-0.8984947137439951,-0.4348600785818612
-0.5368111315203195,-0.8437024410749766
-0.055614192001030266,-0.08310873388563048
-0.09609038190400164,-0.033624588434846704
-0.08005600595005997,-0.06576846351429584
-0.08406154166251538,-0.06360108908528189
-0.08768697819406064,-0.06169220056441866
-0.08387397637894195,-0.06964257516355954
-0.09086950482777408,-0.0634363437872298
-0.0986593546384922,-0.05432107135108516
-0.10134328360273888,-0.053136638458535904
-0.05359650934114129,-0.10313777237324852
-0.08934196297468995,-0.07713966540685038
-0.10260786942223067,-0.06191263103301838
-0.11927415760704449,-0.02389067800307275
-0.11545237627371083,-0.04370222418315064
-0.12009478463349016,-0.035565864323654876
-0.1005879611479593,-0.07761963982633303
-0.11731262113265967,-0.053310972126251764
-0.11753910014481363,-0.05706961689519391
-0.11065054214469859,-0.07282455057070158
-0.12038022126611242,-0.05946967610432864
-0.11465097359959854,-0.07328562412885299
-0.11619857659284419,-0.07421329833874513
-0.12470804915253282,-0.06291443179655445
-0.1343842228104018,-0.04425280000769668
-0.12009853001362134,-0.07814976092461928
-0.12975614640755137,-0.06491920291076266
-0.11558687181461139,-0.09065020624513757
-0.1244925918738648,-0.08131734000651579
-0.14213721838981813,-0.04947284864059848
-0.10065038045472133,-0.1143074577772624
-0.13925915971284958,-0.06600173337261715
-0.11477801318540627,-0.10552016130690758
-0.14717870047413123,-0.056679690001313836
-0.15657688915046838,-0.030495922558644795
-0.14955412895409892,-0.0604860181887634
-0.13886842795949628,-0.0855905016481764
-0.15968729792192926,-0.041253187870354896
-0.14703937174047102,-0.07860961871141944
-0.16747637401725993,-0.018878811098670747
-0.15804991819622188,-0.06353086718505531
-0.15738262714995832,-0.0697449981081925
-0.17347382157279137,-0.012833693125941003
-0.16231232909301782,-0.06740399567734937
-0.1708015745075388,0.04850401335084132
-0.16244218078649061,-0.07604003827728227
-0.16615278876703937,-0.07220137572978416
-0.16066584033651543,-0.08753867700464456
-0.1793635845851448,-0.044367635681000064
-0.16301172051115043,-0.09075636558120298
-0.17391467100861607,-0.07238431093688169
-0.17769953824305393,-0.06776019268230836
-0.16820431929098384,-0.09254810055456884
-0.1775914731439619,-0.0775557409170389
-0.18161758064410352,-0.07260141196846946
-0.17732531628488638,-0.08672044255805667
-0.1946311737400048,-0.04241117180323457
-0.1391781020778559,-0.14502158983146068
-0.18689686252250876,-0.07873803859985291
-0.18160642229392104,-0.09425518368212077
-0.20305965339820725,0.03705444312299113
-0.2075982711405552,0.01603248997449201
-0.2093450048545886,-0.016825165012695438
-0.20201831630522774,-0.06370131419667478
-0.21351337538044224,-0.006974410563705801
-0.20370714206875917,-0.0700989047923379
-0.21593710517588818,-0.02370614061753439
-0.21788756459882216,-0.022420704665484886
-0.22024074877658834,-0.01628071529694822
-0.1992221804404383,-0.09940547388613792
-0.22417387002621542,-0.011107822429496303
-0.22449748621554894,-0.028126050312984967
-0.22293169186484987,-0.04807339269498314
-0.227072844197369,-0.03568492747137054
-0.22590420982421194,-0.05133405204905484
-0.21252992602666396,-0.09663249842937065
-0.22623482119730903,-0.06457579406337939
-0.23462294516379115,0.03400331444467896
-0.2384544386454481,-0.014214878411996845
-0.23785787367442968,-0.036757996333575155
-0.23498490259563323,-0.059841926764311035
-0.23574246146633937,-0.06404998665002272
-0.24609094948194077,0.0007796091671878282
-0.246852637267944,-0.0227178114814241
-0.24930944135880345,-0.013949631150745122
-0.2510582119146853,-0.014951129164219255
-0.2525285516216555,0.019838621931089432
-0.25491150663554707,0.010067192170149944
-0.24221375116564928,0.08565753666063244
-0.2564268988539082,-0.03435049708149
-0.2496984966046523,0.07430931409989922
-0.26032659924911355,-0.03231537332328755
-0.263762561773989,-0.013894131676126596
-0.26519154358963304,0.019829305436787292
-0.2652207141358706,0.03660949595024602
-0.26402279955696906,-0.05425196740631006
-0.2711210334879046,0.010965313705302893
-0.25298267418664505,0.10299836753268116
-0.2484050715638567,0.11786588913322164
-0.2739943803839476,0.03898183118557046
-0.2764943917601277,0.03383662531167429
-0.2778374090042172,0.03753009839846864
-0.26279233486169884,0.1027467620150135
-0.2802960268462123,-0.04551841316968392
-0.2856626591369218,-0.007887966320598513
-0.2770602516161274,0.07705247591623218
-0.27935339344243315,0.07550991241644839
-0.28834178839575814,0.040573175796029176
-0.2929663063760934,0.003394566872748627
-0.2880061812853258,0.06287555583675972
-0.286136964089604,0.07805867014190561
-0.29473393680215454,0.046610652432789494
-0.29965247362470254,-0.01812941510474547
-0.29429953040668794,0.06778058173363924
-0.29742469754305795,0.06194849766895328
-0.29227708505848454,0.08928787618694546
-0.30035482916447115,0.06550461122737278
-0.2657375262069329,0.15811264613579593
-0.30369476935754947,0.06711332932922015
-0.29544300570346693,0.1028266429180703
-0.30604376723167065,0.07299851268091447
-0.31420096194397434,0.03751684992782834
-0.3148601477530052,0.04623353836769422
-0.2784885250797667,0.1577015989390109
-0.3194370864918774,0.03928494465512608
-0.31701988212290994,0.06516107452820841
-0.2632799079217822,0.19131643831484813
-0.320420486627289,0.06652988367769165
-0.3248243986329264,0.052615149065798186
-0.31875653506305635,0.0886777953990929
-0.2986210013086446,0.14660054502432654
-0.3055517104627006,0.13604272357260164
-0.27577005118385545,0.192432074903019
-0.32144879762938594,0.10471941204815563
-0.3071693033955154,0.14548288553033648
-0.3397406496158215,0.03638425622348844
-0.33006504706670853,0.09508083916717347
-0.31892487169368733,0.13233484671310505
-0.2929965703518692,0.18608435013982075
-0.3380464967473532,0.08633792796464484
-0.3106118342693548,0.16282432969814573
-0.3125638564113177,0.1629834892083052
-0.3169886210023235,0.15828079606081955
-0.3190385030122548,0.15820982901716832
-0.3128369193714765,0.17388733258467992
-0.32908123192000177,0.14527084189382702
-0.29069891047634644,0.21492569949551574
-0.316204927431349,0.17894328953922603
-0.3118818632493618,0.18986787649381476
-0.29077882053145926,0.22380379983736987
-0.35631568305746525,0.0949023679352627
-0.36013642453272343,0.08719202541687958
-0.34651304381023945,0.13626913875829155
-0.2999301725792925,0.2236712753576972
-0.36900403057325604,0.07194344582560604
-0.3637502882249378,0.10190659411343465
-0.33395443991322515,0.18038723984443278
-0.30681959042802825,0.2264934155619471
-0.31405409983652555,0.21951414729822877
-0.24329758639435323,0.298342318596789
-0.3496984675821882,0.16524151567475304
-0.3257310989385554,0.21187603931276422
-0.3458168888101479,0.18112928637021466
-0.36818471462112795,0.13508736062774465
-0.30086278766115193,0.25437788464298255
-0.2717152490884569,0.28778777027196595
-0.2784696621994536,0.2837896803064484
-0.3231730920909789,0.23468820181006014
-0.3439080963615568,0.20661701498664561
-0.3163105648195651,0.2497227909323754
-0.3216006984222304,0.24585324606832892
-0.30061742019333243,0.27379459929433875
-0.22457720106091628,0.3411295806383494
-0.3006195698274256,0.27912127176910406
-0.20668693680128272,0.3564327795886288
-0.25984214265021505,0.3220797870137641
-0.19644948435643067,0.366274414181853
-0.2667428734445349,0.3210920583586094
-0.368548105607446,0.19983291623702812
-0.25345157063170276,0.33621234061994165
-0.23348482803183468,0.35253838627859174
-0.21933768402204704,0.3636179412060601
-0.2530858806421852,0.34323405701466564
-0.36165669527710664,0.22936450403337313
-0.1979239462885994,0.38180861502433994
-0.3117076726461819,0.29890568061639344
-0.34101064901434697,0.26791620783002684
-0.31434989512644873,0.3013620491354649
-0.33531222430463414,0.28066838710640307
-0.38088153563457655,0.2184465224340754
-0.3437051461991508,0.27612225894872294
-0.2694249659352953,0.35125564080778715
-0.3373502965574334,0.28942223296924297
-0.19174134066941875,0.4030041313142083
-0.36110087805741165,0.26532311149972354
-0.33282854112808036,0.3027127217180551
-0.2313284761495218,0.387973071036351
-0.22991030126658077,0.39090902412729434
-0.37054173537258706,0.2645875737129189
-0.2375089000297001,0.3905674593004921
-0.23430690018423447,0.3945958139962013
-0.131288069813556,0.44161939570106984
-0.07398358665091131,0.4565696561056812
-0.3582047435673496,0.29544959585258485
-0.12022289582786348,0.4503617916228579
-0.1088658738552478,0.4550958158169226
-0.10085756186093212,0.4587841870717892
-0.35827047634738207,0.3065862813218479
-0.2746196521267317,0.3855400612206015
-0.32339639283833904,0.34811288580080413
-0.3500027037328548,0.3240110145663156
-0.2544421141856865,0.4055465062437061
-0.291276253978401,0.382226550727697
-0.2063828472866984,0.43598377558323237
-0.3693803481511664,0.31301299755243117
-0.004903205582425971,0.48594720785398055
-0.39767148649641443,0.28245774388533107
-0.09079907732351014,0.4810855223504676
-0.14420194013906784,0.46974761598233095
-0.19976236813534387,0.45091883364837815
-0.39614946095290293,0.2967839026083563
-0.2493094954507167,0.4297076258756252
-0.1525441549634288,0.47468878545722343
-0.33826754924313374,0.36874927440494804
-0.3542936635990017,0.3559287402970824
-0.33919113902120007,0.37279143154594946
-0.3153972100612111,0.3954364653099869
-0.24064809749145125,0.4469471057850579
-0.2331861146197002,0.4529147691642141
-0.17642359768162721,0.47981569622111675
-0.12249835213955691,0.49818659542456883
-0.16391736325723213,0.48803757656244134
-0.17109663615579704,0.48747910025435653
-0.29093871711693936,0.4291054123912044
-0.26053681103083604,0.4503007085597094
-0.03990675366125279,0.5205165521019477
-0.20970191696363674,0.4800432417897466
-0.28321915234049777,0.442827510073713
-0.21102694605882896,0.48340077568196754
-0.15704410275701247,0.5054223260228479
-0.25721764775264067,0.46461388431247347
-0.09307191197391844,0.5246746677409136
-0.12996447904652508,0.5186333347441573
-0.08003755718679767,0.5304688597018479
-0.09293200943344825,0.5301936337288168
-0.20898917339499642,0.4980061294558991
-0.13139973927549328,0.5257110670666296
-0.3073859494894342,0.4484527171491786
-0.1526365873074818,0.5237007577033814
-0.43525255033628074,0.3317929848108149
-0.2149133817948353,0.5052930512161408
-0.2210412463897558,0.5046122913803677
0.04706618270324898,0.5506977806358637
-0.023835014103129618,0.5539965191100324
-0.18833117847349037,0.5234645205053449
-0.2610391156359494,0.4933075197570468
-0.12609329029594035,0.5455370830740129
-0.12166474361526307,0.548389388073174
-0.20153485116135836,0.5262570137102724
-0.2759387187224762,0.49341319412972495
0.0002608156693795584,0.5671342085646648
0.05143146714182351,0.5666084279749748
-0.14344142568494272,0.5524223002157155
-0.08711670402846428,0.5658785736965611
-0.08879191659144743,0.5674437608671973
-0.02971136234282086,0.5753857080726347
-0.08364099492213418,0.5718716813939462
-0.10118399965823985,0.5708615402428358
-0.31130294687924925,0.4912292184722754
-0.25530027882713174,0.5245364747533477
0.034636415115263344,0.5841443711627334
-0.3027782047706321,0.5028556196605987
-0.05986857531648328,0.5857258429428766
-0.11415249645035974,0.5794439721378456
0.10193718683159891,0.5835482200493173
-0.055880313781535663,0.5915549151183216
0.11967652700598101,0.583852698750141
0.016436872112341152,0.5975695759258796
-0.054104492651208744,0.5971531651034204
0.007648512751605498,0.6013541675666165
-0.1542646694339525,0.5831469696726747
-0.0943486580288413,0.5976081116225374
0.03884357460409913,0.6055691165620569
0.062154831957870554,0.605435145128615
-0.14912020220596836,0.5919263207997099
-0.16017524633952412,0.590899878395894
0.013596395505879709,0.6138775054701099
0.0786097287758685,0.6107938671085826
-0.031125992138042468,0.6168504681280369
0.05152383186947089,0.6172923278516375
0.2272601128252288,0.5781825544326724
-0.14083877656754792,0.6069191643054033
-0.31605641375594057,0.5390227176682828
0.33298027253785634,0.5308658067627876
0.08242772668067376,0.6230278985824288
0.008233073069662306,0.6302067445625039
9.825742867985118e-05,0.6320641206192166
0.027373179608171174,0.6332764128792409
0.22865445116340918,0.5931232568990885
0.12785719609275975,0.6245212959996237
0.009357075855460298,0.6392100740112635
-0.15594933949482367,0.6218248506866252
0.03734669136240084,0.6418000778255101
-0.05833752927707135,0.6420444904837962
0.04630867850237827,0.6448322938611895
-0.10205990631435044,0.6402126586222451
0.12385497595919572,0.6381929296782514
0.09990295292056689,0.6442033641490755
-0.02056470905114796,0.6533838664559433
0.16424104620551525,0.6346019057350859
0.2599660090116904,0.6037219525541501
-0.050724199172830144,0.6571635300817302
0.32615843696347724,0.5748376792283714
-0.07112353329367302,0.6588979179545361
-0.1004678410559248,0.6568904642285565
0.05202711001020445,0.6642984274485746
0.23103400373113436,0.6269205434585863
0.21830845124122172,0.6333726096136918
0.10276835813606361,0.6638358056461977
0.18298843677347262,0.6482136376973312
0.16581310839235394,0.6546789923088467
0.032395787373383354,0.6763789401211006
0.27223281363725366,0.621991275380628
0.3126724928416341,0.6047083292631525
0.30108483593071345,0.612570876405447
0.2469244392593287,0.6382702328399179
0.11682864975749906,0.6761534982623096
0.21072515776735815,0.6549090152699626
0.23413460055948376,0.6488272720826396
0.25446212983388616,0.6430678816696707
0.29837066856635025,0.6259074706930078
0.39877957122817637,0.5694422877469
0.31989388980774774,0.6192483496451888
0.15394917614051626,0.681628733409556
0.41011434082268516,0.568021366026525
0.21961290345703877,0.6671901447199352
-0.04881133507622255,0.7025147314522713
0.5508313765498349,0.44163081041601193
0.36746229244675555,0.6049582063988733
0.36475163567303226,0.6087000146956294
0.26723848674147377,0.659322422321395
0.1299500319015026,0.7012880737139371
0.32580230180572123,0.6364910423671715
0.19509894981502346,0.6897730832712642
0.1235248993000707,0.7079414747168464
0.4956228788649214,0.5228699896359092
0.2672401069556421,0.6709842226858733
0.4217345900197971,0.5885453093693386
0.2193287664696323,0.6919216628618318
0.36040840846841327,0.6321297573920739
0.10123721240994418,0.7223997090485658
0.29160113645447416,0.6706069323837232
0.5400197236086097,0.49574656064057226
0.44667529248778703,0.5835363888249142
0.4688615705182052,0.5682045823641666
0.4142768597809699,0.611328794433065
0.22723231438573885,0.7045429614114146
0.3845591718317623,0.6346677526517329
0.3762162393303065,0.6417401061789176
0.23261924975484494,0.7084800088741127
0.380651373013378,0.6433143028630489
0.6274254410842499,0.4096165324272365
0.4275431215750848,0.6175446547915523
0.5425794606770769,0.5219910823255813
0.4526888110604014,0.6038701410262158
0.24365289237723917,0.7162019454195285
0.5325742354808443,0.5398229339243413
0.4230785040392491,0.6314961277860273
0.2549795824747185,0.7179925920286137
0.5616855942978342,0.5174832543583603
0.42744724648931764,0.6350800410544962
0.5725581561606972,0.510861676565154
0.5884680799654802,0.4952565065911034
0.6145711234545583,0.4654607635051933
0.5345163343474403,0.558057239132987
0.31930798329015203,0.7056689856611393
0.3212968891706054,0.7067473609487295
0.6074358401898367,0.4863629785781334
0.3464924219857674,0.6987706906151373
0.5389230128283115,0.5663181071413266
0.30570803489721826,0.7214707556825077
0.2568200206131682,0.7421931545020848
0.6654344344569318,0.42052404055672116
0.4268330019629966,0.6635509048671819
0.38734542238823993,0.6894193240222348
0.7848919844714993,0.11016272035656367
0.6424660885331205,0.4672160688487233
0.5292062694509732,0.5948638818576815
0.47748384904933105,0.6393799943066039
0.4777625822947621,0.6414221027037943
0.5343957278856034,0.5974854864755623
0.6874862805310127,0.41572241010598865
0.6412353570077972,0.48701235996135017
0.4785325096090084,0.6498294227923631
0.7447969606529973,0.31537827212204644
0.6888335759689063,0.42733488435390504
0.5566773362260027,0.5917300733792501
0.4919745700246664,0.6487904149240473
0.4011483912792236,0.7106252865325817
0.7094576321781191,0.40684770303487955
0.6241594464043814,0.5312565598821373
0.605785308384421,0.554790568350141
0.8003186411236236,0.19293745329442552
0.6857712257734675,0.4587215863046422
0.7600613942343666,0.32556678341034667
0.7473223840335002,0.35802541726958376
0.6614781252083666,0.5021075906419774
0.8072097441666207,0.20267381491151407
0.8267764124075992,0.1100473526786361
0.6828156377864458,0.4821248555656954
0.5880778391682082,0.5965437521690836
0.7144101149459425,0.4408436326481032
0.6941337708347266,0.4753258488436268
0.7366123593843739,0.4101176977417645
0.66431479591821,0.522038879325671
0.6425746772031531,0.5513505921129703
0.5361761739993176,0.6576186275053991
0.7840152831439403,0.329136974832513
0.5802853398718438,0.6239795720466313
0.8492044955293064,0.08950018083205359
0.6613408015937376,0.5430196896392895
0.7988281147649611,0.3117782382400462
0.8466570903402129,0.14697037709699415
0.7627494886183467,0.399680794592617
0.737280720837481,0.4483950983445455
0.8473923581205268,0.17228821352392518
0.7298324106931277,0.4671447388149003
0.6400405618764489,0.5868191011135219
0.8042410069966096,0.3321754213063752
0.7051732144385452,0.5128517145019138
0.8367496996243301,0.2515643559406982
0.8574597928161475,0.17706619179008873
0.7906003275291448,0.38039769748280816
0.7940014341501355,0.3774666452455989
0.8230045354904036,0.31425697419732374
0.7689421779278909,0.43359302327748067
0.7911632218572785,0.39563027787536004
0.7345734467845801,0.49604283608196853
0.8692061761722932,0.1825865734631843
0.8412171490829864,0.2905478224795572
0.8804937121792591,0.14145230087739288
0.7770115416693368,0.4413061321499281
0.8650569202327568,0.23108694568418167
0.853418368241869,0.2768300200507817
0.8398393504608065,0.3207292662280352
0.8670389233397047,0.24430929935876194
0.6354738112233659,0.6409907964457069
0.7606509776456398,0.4892498335443358
0.8956770218301228,0.13778110000103005
0.9076329941001282,-0.026371623126396935
0.9080986592593129,0.05593389909886626
0.9111092133723002,-0.03060955495461874
0.9123102087059032,0.04515196745235457
0.9129121072096282,-0.06510208221928707
0.9095801406417254,0.1166852598777615
0.8820426658748965,0.25741680057872396
0.9187159916507058,0.05950880479750943
0.894391862704638,0.22576042746272165
0.9208505156521738,-0.07918088164936782
0.8757521051114783,0.3010494147173363
0.88341773153845,-0.28370642013083563
0.8894471040227473,0.2704631174017446
0.9312649447777364,0.019203772138192774
0.9245804389963445,-0.12703319867894808
0.9204192173550255,0.16487762603783004
0.9215112103591887,0.16896599636509502
0.9303647665662946,0.12464580769651296
0.9349735945359477,0.1016307889457466
0.942267398663179,0.005688466632853997
0.9296873154560091,0.16426801334762614
0.8981309979931505,0.2967692313290611
0.9468954300625956,-0.038930685007995465
0.8436761874625042,0.43561317462185006
0.9484768823771073,0.0732683442991363
0.943537119720447,0.13471880296560546
0.9529775044510067,-0.060717704616125905
0.9550099499894346,-0.05706642220554818
0.9440107940013447,0.16612803919786542
0.9406218744281711,-0.19351026696429074
0.9323326915121131,0.23756856249025135
0.9588370828043963,-0.0989361392797239
0.9646677850324527,-0.0453136072884004
0.9503043944347974,-0.18178467996305522
0.9493684246516715,-0.19574745385363523
0.9561048533987166,-0.17023761683477517
0.9515412998858827,-0.2029602496796001
0.9605665661738869,0.1656757608878015
0.9646779804069229,-0.15183004765577848
0.9467742616104672,-0.24657728252892522
0.9384559765958947,-0.2828685810602995
0.7385219426338584,-0.6471773295304222
0.9278604744440604,-0.3269151312228035
0.9658312142151474,-0.19626650797271644
0.9832885316568301,-0.08973605440604149
0.9823659568607983,-0.11589196775982209
0.9868247962128667,-0.09067565500035847
0.986475945098958,-0.11175151009910257
0.9919639868835237,-0.07221552762686811
0.900419122131878,-0.4266661313456677
0.8687492610080161,-0.4916002034866871
0.9902631954356382,-0.13920777192958342
0.0938283172783227,-0.03458680205972228
0.08883803877715833,-0.049716972032675395
0.10247728901033898,-0.015259754873482134
0.1047901250258408,0.011422391018583977
0.1040979320943872,-0.025662312619062152
0.09395543229611175,-0.05529293744302352
0.1105387887121781,-0.007912825714048924
0.11258019588550879,-0.0031853641540528885
0.11193360173407733,-0.023766200388267367
0.11576787110413965,-0.010381999984895819
0.11803587236256792,0.00021717011597479282
0.11926386219428865,0.01173370884681968
0.11429163639297406,-0.041647461134297264
0.10719097720530847,-0.061230956154317104
0.12289864508637208,-0.02415804290887323
0.12159183738968408,-0.03685337833732017
0.1274562603756141,-0.018952902604208215
0.13018928503651453,-0.011096454257910525
0.12321997987708584,-0.04861886672713538
0.12067794378872149,-0.05886317975575325
0.12603905490279466,-0.051281430269656855
0.11066617989072221,-0.08223575548940364
0.13960714140424543,-0.004491026680934688
0.1309734828793657,-0.05351052636001086
0.1309572147297721,-0.058148516354488554
0.11797960005670743,-0.084451017800652
0.14182354886032017,-0.03826049943267548
0.13990018346842756,-0.05038704082111061
0.14267864525679425,-0.04788899447572782
0.12445155032446246,-0.0877980957140789
0.13347632579227037,-0.07702864937875185
0.11924380986481424,-0.10044605797117738
0.14599917144402463,-0.059652318224502995
0.15140926330541807,-0.05021512216505615
0.16109189433151055,-0.008625396468342976
0.14876987880063614,-0.06691559921253283
0.14617786093502094,-0.07637991620534461
0.15756747690474318,-0.05452099795180193
0.14193214651781627,-0.09088460346677846
0.1632555944602827,-0.04861644376687036
0.17206402186843833,0.005256278930209101
0.14116569417028954,-0.1016371843359494
0.14810105291633852,-0.09462911250743167
0.14659458423672114,-0.10017906486814393
0.1668201721871342,-0.06588307575801497
0.15694459264427946,-0.09048857779885283
0.15385100885531663,-0.09902726542202121
0.16719192527687635,-0.07865521402529987
0.1668458727520486,-0.0834984650345238
0.1701348089186428,-0.08086994531999657
0.1398885986203932,-0.1288400154461364
0.1766185177408413,-0.07525784434482528
0.11728057736846266,-0.15426889010670117
0.1618161798509547,-0.10987008035528298
0.1561199170147645,-0.12079434781604324
0.1775664447204435,-0.09027823101100893
0.17503215572226044,-0.0988207978031794
0.17480835694556088,-0.1028209817367197
0.1605799435673648,-0.12680305198712785
0.1736478022446238,-0.11159164560560562
0.16012027138753096,-0.13309989333621983
0.16960534270013972,-0.12386462353246919
0.20169391601464734,-0.06472110780772297
0.14910762478627407,-0.15298209078077238
0.12605953866358677,-0.17469816511580927
0.14491065986144264,-0.1618385465618194
0.09280002571516589,-0.19840825091655676
0.17936061862523692,-0.1288441601261962
0.2093112873261517,-0.07589275601689124
0.19144114026978817,-0.11716483061848816
0.17828500316952614,-0.1393005874652049
0.09694870555789953,-0.206423203186023
0.17774812097597012,-0.14574325408070005
0.18289019964824227,-0.14219378252477405
0.1073104920082446,-0.2073433565720157
0.1900817917393766,-0.13864032584440444
0.21625047938286768,-0.09715905494206392
0.17785621998836726,-0.15946707211657565
0.15457275414861335,-0.1844851810804662
0.18804194543732805,-0.15309861985951842
0.1411570246551925,-0.1993780412145981
0.14199227031715603,-0.20099641384252698
0.14232866011813364,-0.202965208825605
0.182054161747206,-0.1708978406838502
0.2024052763174838,-0.14928451410621002
0.12665099828351067,-0.2193712946992974
0.18234244610323982,-0.17841652648362585
0.16545126391533022,-0.19654667158037148
0.20933306642060107,-0.15203413566869164
0.19143522899546625,-0.17670248008467349
0.1696369625949053,-0.20009378438923764
0.08712148188458876,-0.24934631194955376
0.1094237475591469,-0.24237615314974728
0.06127153030919798,-0.2606301632084079
0.15491543400676863,-0.22057316917487793
0.1081647755345126,-0.24885183189555526
0.19368438703643612,-0.1926012860064633
0.14278628360234527,-0.2349670713415824
0.20513576099611022,-0.18577358048202233
0.1866051895421839,-0.20681530195614445
0.1995545519248957,-0.19692667400336988
0.20757004366901446,-0.19113185327902965
0.1151434273997145,-0.2595761540086171
0.11593371709745345,-0.26119867549017106
0.16834499195555674,-0.2331510899693521
0.1945043699028634,-0.21426179171665824
0.14530061159574517,-0.25233886303806247
0.11968058267104675,-0.2674272571886107
0.21754298797893626,-0.19893703617359393
0.00446222770061484,-0.29655961749146836
0.24105963024843718,-0.17587183142161647
0.15664394447189983,-0.25609169315252606
0.2415006118934961,-0.18133911688550425
0.189617158648337,-0.23736975421934278
0.09678637724944333,-0.2898803485288169
0.14930224388066302,-0.2687242405639412
0.16346558972879655,-0.26247865185050867
0.15175806175427753,-0.27148517934018496
0.12090051858170092,-0.28851854831115264
0.24900401090956714,-0.1923241349023227
0.11040698444232287,-0.29654688718881994
0.12382965840649221,-0.2931563890007734
0.1823677424063776,-0.26299745139188246
0.10052698299677879,-0.30574120558495355
0.16240673463481592,-0.2799493237001135
0.09736750732360362,-0.3105444541484668
0.10384084586157219,-0.3103427015468369
0.17002149614795045,-0.28173025167005206
0.04628189454864184,-0.3276087091016312
0.14897595306185632,-0.29744308301474875
0.003169271807377799,-0.33445392226724485
0.1136917603666848,-0.31647023273311453
0.015388016417723875,-0.3377257670178827
0.054497938525514815,-0.33548207944268554
0.1450291685113745,-0.30937689536100815
-0.008604584822663018,-0.343379181651876
0.12296218387908525,-0.3226544386415627
0.05236426514261059,-0.3431214935572991
0.05809710492222906,-0.34402674048399495
0.03743938541913456,-0.3486972416714263
0.11644666905083918,-0.3327160281023337
0.049286880082028,-0.35086379080546515
0.020491459960693487,-0.35552217437260003
0.01680702790211505,-0.35752100129691444
0.19076819362364472,-0.3049681475303591
0.12167315534540463,-0.34043289518503445
0.07127969243145602,-0.35626599957035054
0.1611085360449014,-0.3276646864732799
-0.0610394726385157,-0.361821290240533
0.12556222198991276,-0.34670081315362367
0.05218492797008227,-0.3668479615103089
0.26137870383721334,-0.2651824671597686
0.06529506933633526,-0.3684067070018489
0.16972120848589128,-0.33546168986437036
0.16335388618670457,-0.3406093568521376
0.0014928514642445338,-0.37955618244333017
0.022789274170547755,-0.3806812017241191
0.013746148187698816,-0.38291968074023125
-0.008872514390136158,-0.3848676825863956
0.03513887287556658,-0.3851740338403605
0.09741621345580571,-0.37616789629966546
0.08987472778903159,-0.37989429091809324
-0.0040699660294331585,-0.3921632497551638
0.0881938184463547,-0.38399007224475135
0.17438731721213144,-0.355302745417014
0.057716812020710447,-0.3933836613588317
0.02968922469624092,-0.39829379791483066
0.07895219647749449,-0.39335724258795673
0.01412315510266589,-0.402758466351079
-0.01568476741292536,-0.4045056438409767
0.04191755913907357,-0.40444682488834593
0.008271446631483633,-0.408333066495323
-0.11960014033925406,-0.3923985429994092
-0.127870955012944,-0.39167950555735126
0.1003130097071117,-0.4014855269911822
-0.11413478222846184,-0.39965309691509804
0.03206660236535737,-0.4162013977477224
0.06513685377846033,-0.4141474264540053
0.058900450194330004,-0.4169018752748924
-0.055506014075696435,-0.4191867854816007
0.008467974823167745,-0.4245648598288409
-0.010830459778261702,-0.4263153551259544
0.11100985665129055,-0.4136187286324123
0.047527803917851684,-0.42742580043324857
-0.06603414356509774,-0.4267853921760593
-0.0299275468082232,-0.4326334465818031
-0.1239570966778202,-0.4174560808137081
0.04854223455958268,-0.434571838426046
0.11189225111196885,-0.42458185487840894
0.08306868697492595,-0.43298536078600514
-0.11133200419933303,-0.4284571417417195
0.022841976325057196,-0.44390167339384584
-0.006746311977311087,-0.4462415924728785
0.0574674154585947,-0.44439587508238376
-0.13444532005182327,-0.4293416886298857
-0.026830558425665,-0.4509058536563972
-0.19281334888397728,-0.41047731272847365
-0.05341758142647892,-0.45216625682459227
-0.05814574106253243,-0.45340102630458234
0.013868374648928376,-0.45870823851536224
-0.12479745917428307,-0.44349728535628086
0.08039959573224165,-0.45548361877929816
-0.11032545133628337,-0.4510314809312669
-0.05485612377816975,-0.46289317743840414
-0.2018664819836689,-0.4221538860603727
-0.17850782944144597,-0.43449986527012624
-0.03407605864277027,-0.47031022139042844
-0.23794403831869973,-0.40919399649650456
-0.11328112330513312,-0.46144901697169133
-0.17367898162051848,-0.4442078809790089
0.0017441987107545103,-0.4787543378065787
-0.05276345474786666,-0.4776557442928458
-0.06528368494971554,-0.4779265348412466
-0.27196605954269654,-0.4005663998563205
-0.33254208421713916,-0.3543790237451765
-0.11066791917733544,-0.47505536510812924
-0.2107416878379115,-0.44190009421276577
-0.22710521872076356,-0.4357525007280496
-0.16506006743774873,-0.464745061726642
-0.21345146287590702,-0.44660223158517376
-0.08545033126057838,-0.48938952700789856
-0.2821773165918518,-0.41106583931699103
-0.24326528401740738,-0.43729047992960207
-0.11516611214717895,-0.48882106628987865
-0.36512821518851346,-0.3474269228166234
-0.1819578281693169,-0.47194994117931355
-0.10599849869599716,-0.4964247581155572
-0.26500806496974233,-0.43506123440212197
-0.2328206503855109,-0.45512957815676114
-0.31265393357013876,-0.4067471548280937
-0.20582551983504252,-0.4718955747819412
-0.14433831478349837,-0.49606086619898365
-0.29982038163962904,-0.422947432684658
-0.13430307337908787,-0.5026060510105556
-0.2187242568222695,-0.47401448234988075
-0.30066634526342256,-0.4289710442351202
-0.18476149078857318,-0.4921102350613514
-0.3918768392829042,-0.3530456411379196
-0.3128798393713485,-0.42687326452714297
-0.1689763010228589,-0.5034620040320403
-0.26563638765469333,-0.46193419154819493
-0.11680306507760105,-0.5217550629463575
-0.2404153951746242,-0.4795869675427366
-0.23923073708264125,-0.48219322066864584
-0.3951461742223874,-0.36816583297391986
-0.2998272435018654,-0.4513774934265942
-0.3903733932050997,-0.3784238038754153
-0.2539776842698374,-0.4827584771880252
-0.3370896631232176,-0.43116345666044326
-0.2742456363166232,-0.47570806199086063
-0.26613542096751325,-0.4823533299606486
-0.19168774407227787,-0.5184005014696671
-0.44483443819774965,-0.3310627941593882
-0.3272569439605329,-0.44987401530063614
-0.3370513602104926,-0.4448484118450964
-0.44054831863265725,-0.34558270474156766
-0.4307482715640063,-0.3605400911616611
-0.23289889122997487,-0.5131479778540816
-0.2287337337938063,-0.5169909434953804
-0.3173533314574473,-0.4700299368784309
-0.3555218802094475,-0.4441784541791417
-0.3187608838265611,-0.4734314515537183
-0.40115578765917104,-0.40851182885834225
-0.11013027589574173,-0.563691181880841
-0.32984461473843746,-0.47239179526592684
-0.3231124836531906,-0.47919866331133504
-0.4299305491021063,-0.3889483550087631
-0.343689500179259,-0.4691409141005699
-0.2186110154240194,-0.540856699737703
-0.336301286252817,-0.47887970564416593
-0.41784793740938425,-0.4122396350559887
-0.4822739429637767,-0.3377437687652291
-0.07977346489439627,-0.5851686112493358
-0.41652729491747653,-0.42121814748488257
-0.3730886732745019,-0.4624550453214232
-0.2567363545570221,-0.537859544121704
-0.37181876657763,-0.46809227045291274
-0.5561808243950704,-0.22401359176018168
-0.4749837652820943,-0.36888447692400134
-0.45699078249845615,-0.3937224926079773
-0.4164239280959945,-0.4388943340463627
-0.45080547921683817,-0.40619847135341497
-0.5054898627310098,-0.3389615564762515
-0.5248429042540069,-0.311694609859794
-0.5078382988565805,-0.34193425982586767
-0.48696059423667876,-0.3740318614150641
-0.43844912314692097,-0.432447689284344
-0.4280158906370565,-0.44528162411952615
-0.46002616735035806,-0.4148258051615729
-0.5296374701352582,-0.32469427983928123
-0.48531905948924103,-0.39070685108235736
-0.6062009718852391,-0.15151741987032089
-0.4765789529499858,-0.40689908858878715
-0.45951257707974386,-0.428726351001794
-0.5189194299971285,-0.3577023197516263
-0.4097305286623781,-0.4812753433438222
-0.5748659046800746,-0.2670533611610596
-0.6035208096630001,-0.19960132317982973
-0.49079677654624004,-0.406808106951634
-0.5309142946609279,-0.35609982492376946
-0.6096926257286601,-0.19814450169612943
-0.6348329296083989,-0.10143602287829878
-0.5272022425711566,-0.37105550866507014
-0.6161106696520143,-0.19585919343208386
-0.6111288122740544,-0.2163562976794551
-0.5039700055281737,-0.4106634925204516
-0.5728523150517998,-0.31115719423312227
-0.4863160940299952,-0.4368409789507907
-0.6104449211593101,-0.23885497326220512
-0.5975998204910532,-0.2737461897201906
-0.6263836567638605,-0.20513499016584263
-0.4557768918487117,-0.4786283613826561
-0.572858032710409,-0.3332246954116079
-0.574954696038695,-0.3332055920657677
-0.6635687132257548,-0.06062824188923011
-0.6489463875965217,-0.15898007647460705
-0.5434888729365617,-0.3917132720324201
-0.5368728757540437,-0.4037410402368103
-0.635024087138904,-0.22452192953697814
-0.44071922929287366,-0.5117275943475758
-0.6693310102981682,-0.10263506385304341
-0.5500830004107854,-0.39798560794272936
-0.664290917114745,-0.14884162287104394
-0.542759351381856,-0.4138930339291891
-0.6032022837937882,-0.3232763116267802
-0.6582545422176633,-0.19373550078995333
-0.6857180591364107,-0.05569249296039968
-0.5917888361654896,-0.35437524401013665
-0.6724846285081643,-0.16140539140608484
-0.6037507564062903,-0.3409842252493239
-0.6640537304668525,-0.2057238648198316
-0.6875537099779939,-0.11432635378650881
-0.6715605478911136,-0.19319552158382594
-0.6519926712872613,-0.2564129509185646
-0.6837657074292488,-0.16073883762183178
-0.6733260354106568,-0.20625601658508544
-0.6371250344302111,-0.30417867874456933
-0.7019305161529734,-0.0910852257656919
-0.680476456331548,-0.20127408177674264
-0.5654391655896652,-0.4317418388214051
-0.6454863034845525,-0.3033799682550814
-0.6605653839007085,-0.27371766561123567
-0.6529000933603777,-0.2959256236193166
-0.698471220962526,-0.1690487676928586
-0.6750665351542434,-0.25163512718031444
-0.701831956850809,-0.17049635245949638
-0.6350789348599933,-0.3477360954760279
-0.7064744017382162,-0.16659716392304655
-0.7175166054377637,-0.12104615647084901
-0.7288050816264691,-0.030878241618078377
-0.7152233350800936,-0.1523169770562573
-0.7232915281897031,-0.11931185826345933
-0.7260852829435567,-0.11328590333597004
-0.734498229550926,-0.05656828188119223
-0.6164971664662556,-0.40654576026819417
-0.6938795586759117,-0.2579660195203765
-0.728957187799047,-0.1389616179095407
-0.7384405047664152,-0.08985902033012044
-0.721472582503163,0.1885018594788557
-0.7461814970363637,0.044293718806524524
-0.7043679204731119,-0.25556646956489165
-0.7082758555362393,-0.2499996678641663
-0.7525266885475173,0.023890253237823976
-0.7515723548821986,-0.06874083400081817
-0.75491955179563,0.049075746588278964
-0.7464978157945275,-0.13336089120386616
-0.7432463683720674,-0.15927214411367918
-0.7599213460175834,-0.05520414435323975
-0.7631673687827888,-0.029243676379441644
-0.741499807041608,0.19030460644539895
-0.7591115371900994,0.1120364622521687
-0.7687122057209291,-0.025597523996399942
-0.7600352322262035,0.12922009875362442
-0.7708452881353229,-0.05415843048434204
-0.7241544902579052,0.27482099584303715
-0.697233788881289,-0.34145067995384665
-0.7745799180754057,0.07451977853445645
-0.7652767419269284,0.15062863214550057
-0.7802390079955207,0.04879859254369136
-0.7318537409680901,0.2799420578205771
-0.7750327453417813,0.12700962650714814
-0.7724074735014688,-0.15175687834904097
-0.7883775876770244,-0.030773270273976153
-0.7774655592119947,0.14450877073582646
-0.7762951600486304,0.1598658085052527
-0.786897104126587,0.10884152434936664
-0.7737281798488397,0.1877951470959975
-0.7840836633476619,-0.1483590647509872
-0.7605777199912401,0.2473882186581304
-0.7582657933365093,0.26000132151025174
-0.7805384773599194,0.19032129030499093
-0.7854451177037337,0.17731268682022946
-0.779536459295365,0.2087930796472844
-0.8070915423740169,-0.052812965765618974
-0.8081901925548204,0.06273285762723282
-0.7771267599945121,0.23687155867584156
-0.7701865833839648,0.26416019159519066
-0.7628618159219395,0.2897415736371015
-0.7935600601444363,0.19778173895509035
-0.805732533482057,0.15034504129572307
-0.7954955772390684,0.20482968822356265
-0.8191977062058026,0.08154695801103588
-0.8228732246914774,0.05989427290268128
-0.7882609261409614,0.2496633048428272
-0.7966945280596613,0.2279271244243813
-0.8266034555724425,0.07995042179478495
-0.777073263049421,0.2980291767294826
-0.8250939168725323,-0.12202329402658943
-0.8335819642002923,0.06182782965571581
-0.7570658619760743,0.35854047721720606
-0.8387333012467133,0.035374710786672516
-0.7498859579270654,0.3813494519413378
-0.5939557853749134,0.5983400529953591
-0.7528175811533743,0.3835419522162317
-0.8453106165990764,0.04836995628433931
-0.7751556048196054,0.3450810587722586
-0.6634946303387135,0.5317762573835588
-0.8290189656980008,0.19700034648369427
-0.7620612746518869,0.3852546836471891
-0.783854681289193,0.3432402625124496
-0.8142335125331385,0.268990360137601
-0.7980963705417466,0.31854466514992685
-0.8611137854091089,0.0038168746547597335
-0.8529087213335924,0.13110201604531668
-0.7619151869699917,0.4089526683918512
-0.5135336689962566,0.6979704331186435
-0.760935832472544,0.41831236790001614
-0.8182515687153232,0.29598729389941947
-0.810253796969804,0.32214116148849786
-0.8564330343408473,0.17308131814552996
-0.6708497908635545,0.5626280215823597
-0.6560280584113828,0.5825619904494322
-0.722440916024244,0.5009974736058956
-0.7998917168546408,0.3691438101563777
-0.8122639906120513,0.34569089138474496
-0.8813928059615818,0.07489513996577715
-0.7892770638288341,0.403358848251722
-0.850275707992968,0.2566874634689888
-0.8048329323762813,0.37987929664765313
-0.8496513099189028,0.270870046634568
-0.8030190436282809,0.39199292561321875
-0.8497848137760022,0.28211774489370794
-0.6152966427420954,0.6529684622431905
-0.7939063403844672,0.42179393013051497
-0.7972727580972347,0.41928472132343647
-0.821407813196917,0.374146188404894
-0.7181068666968222,0.5497979969218697
-0.6691728584088362,0.6110880824569562
-0.5443722235948905,0.7267406667194555
-0.7287385992420822,0.5447126122935394
-0.7872890371608058,0.4596008219235719
-0.8303494502906633,0.3806158266228826
-0.659019595445232,0.6350905206491536
-0.7942904028358055,0.45831674427790164
-0.8349049269455683,0.3836618779679527
-0.817936394579609,0.4225641082549228
-0.8652659627911031,0.31971766969563664
-0.8051723233144114,0.4537982084188066
-0.6980947752114227,0.608470364546499
-0.8211228756030011,0.43205722350338444
-0.5928243959890688,0.7161184847839898
-0.7261329201594209,0.5833988039900049
-0.6064560941429353,0.709364100880622
-0.6997624743601887,0.6202327359319358
-0.8802826713144292,0.32067871355741556
-0.48929134825498316,0.8010675082457738
-0.5114052105945851,0.7892839478400114
-0.7470512922869321,0.5742948510378026
-0.7575699418645588,0.5633740035822613
-0.6420345755963457,0.6946242653108473
-0.5928779791756017,0.7393390666786614
-0.5548757857713816,0.7704941333715557
-0.684307757510737,0.6608324596225281
-0.673787493748086,0.6741082000921779
-0.5959249246143093,0.7461409034940715
-0.5985188553866936,0.7463750805518404
-0.7499792080538008,0.5968970531722957
-0.3793064755096113,0.8822371176219201
-0.6316331950590801,0.7257565545314512
-0.6147582768241927,0.7424480938709257
-0.4245737789016886,0.867395160670179
-0.7293549012922143,0.6357401512507936
-0.5943776503811894,0.7657236316995276
-0.44456554135647314,0.8634111513737769
-0.7970639897154801,0.557954034520194
-0.6668821297979244,0.710918286973284
-0.29628448811837665,0.9305221498457557
-0.6112897118822025,0.7638761331880769
-0.5526918476727583,0.8094726528275642
-0.5644414546165748,0.8035290908984826
-0.6989988336804714,0.6922421495194584
-0.6214924476093194,0.7649167366901366
-0.16750946477944936,0.973061907155712
-0.5615362140908347,0.8143407773498805
-0.4449450223874026,0.8854768093422795
-0.7013969432058512,0.702613349097354
-0.3862095124040971,0.9165423319371953
-0.5591924214495693,0.8246832233843416
-0.5248194561451707,0.8490939741993305
-0.7571602967706238,0.65322912136112
